{"capacity": 10, "first_transaction_timestamp": 1587144525.600788, "chain_len": 68, "last_block_timestamp": 1587144914.7810109, "difficulty": 5}