{"capacity": 5, "chain_len": 68, "first_transaction_timestamp": 1587142985.1525285, "difficulty": 4, "last_block_timestamp": 1587143313.0715415}