{"last_block_timestamp": 1587142684.5165422, "first_transaction_timestamp": 1587142445.685501, "capacity": 10, "difficulty": 4, "chain_len": 44}