{"capacity": 1, "last_block_timestamp": 1587147337.3595827, "difficulty": 5, "first_transaction_timestamp": 1587146626.2910697, "chain_len": 108}