{"chain_len": 145, "capacity": 5, "last_block_timestamp": 1587146338.6841314, "first_transaction_timestamp": 1587145071.313847, "difficulty": 5}