{"last_block_timestamp": 1587144263.3822827, "capacity": 1, "chain_len": 120, "difficulty": 4, "first_transaction_timestamp": 1587143702.1608744}