{"difficulty": 5, "chain_len": 26, "first_transaction_timestamp": 1587139399.2716203, "capacity": 10, "last_block_timestamp": 1587139482.4255052}