{"first_transaction_timestamp": 1587139191.4107113, "chain_len": 46, "difficulty": 4, "capacity": 5, "last_block_timestamp": 1587139257.7100418}