{"difficulty": 5, "chain_len": 45, "first_transaction_timestamp": 1587139624.088276, "last_block_timestamp": 1587139737.482486, "capacity": 5}