{"last_block_timestamp": 1587140636.0145867, "first_transaction_timestamp": 1587139911.7886436, "difficulty": 5, "chain_len": 240, "capacity": 1}