{"capacity": 1, "first_transaction_timestamp": 1587138800.2872314, "chain_len": 138, "last_block_timestamp": 1587138989.9653382, "difficulty": 4}