{"chain_len": 21, "difficulty": 4, "first_transaction_timestamp": 1587138482.1425495, "last_block_timestamp": 1587138529.6384614, "capacity": 10}