{"capacity": 2, "difficulty": 3, "first_transaction_timestamp": 1587102851.9401116, "last_block_timestamp": 1587102908.8954527, "chain_len": 45}