{"first_transaction_timestamp": 1586993515.5857275, "last_block_timestamp": 1586993527.7491903, "chain_len": 3}